text,canonical_form_1,canonical_form_2,canonical_form_3,category_1,category_2,category_3,severity_rating,severity_description,,,,
f'er,,,,,fuck,,,sexual anatomy / sexual acts,,,1.6,Strong
f@ck,,,,,fuck,,,sexual anatomy / sexual acts,,,1.6,Strong
f@cker bunny,,,,,fuck,,,sexual anatomy / sexual acts,,,2.2,Strong
f@g,,,,,faggot,,,sexual orientation / gender,,,2.8,Severe
f@gg0t,,,,,faggot,,,sexual orientation / gender,,,3,Severe
f@gging,,,,,faggot,,,sexual orientation / gender,,,2.8,Severe
f@ggot,,,,,faggot,,,sexual orientation / gender,,,3,Severe
f@gs,,,,,faggot,,,sexual orientation / gender,,,3,Severe
f@gshit,,,,,shit,fag,,sexual orientation / gender,,,2.8,Severe
f@k,,,,,fuck,,,sexual anatomy / sexual acts,,,1.8,Strong
f0ck,,,,,fuck,,,sexual anatomy / sexual acts,,,2,Strong
f0cked,,,,,fuck,,,sexual anatomy / sexual acts,,,2,Strong
f0cker,,,,,fuck,,,sexual anatomy / sexual acts,,,2.4,Strong
f0ckers,,,,,fuck,,,sexual anatomy / sexual acts,,,2.2,Strong
face fuck,,,,,fuck,,,sexual anatomy / sexual acts,,,2.8,Severe
fack,,,,,fuck,,,sexual anatomy / sexual acts,,,1.4,Mild
fackuhs,,,,,fuck,,,sexual anatomy / sexual acts,,,2,Strong
fag,,,,,faggot,,,sexual orientation / gender,,,2.8,Severe
fag asses,,,,,faggot,ass,,sexual orientation / gender,,,2.8,Severe
fag bag,,,,,faggot,,,sexual orientation / gender,,,2.8,Severe
fag hag,,,,,faggot,hag,,sexual orientation / gender,,,2.6,Severe
fag queen,,,,,faggot,,,sexual orientation / gender,,,2.8,Severe
fag0t,,,,,faggot,,,sexual orientation / gender,,,3,Severe
faget,,,,,faggot,,,sexual orientation / gender,,,3,Severe
fagg0t,,,,,faggot,,,sexual orientation / gender,,,3,Severe
fagging,,,,,faggot,,,sexual orientation / gender,,,3,Severe
faggo,,,,,faggot,,,sexual orientation / gender,,,2.8,Severe
faggot,,,,,faggot,,,sexual orientation / gender,,,2.8,Severe
faggot mofoes,,,,,faggot,motherfucker,,sexual anatomy / sexual acts,sexual orientation / gender,,3,Severe
faggot mothafuckers,,,,,motherfucker,faggot,,sexual anatomy / sexual acts,sexual orientation / gender,,3,Severe
faggot nob jokeys,,,,,faggot,knob,,sexual anatomy / sexual acts,sexual orientation / gender,,3,Severe
faggot nobjockies,,,,,faggot,knob,,sexual orientation / gender,sexual anatomy / sexual acts,,3,Severe
faggot son-of-a-bitch,,,,,faggot,bitch,,sexual orientation / gender,other / general insult,,3,Severe
faggoting,,,,,faggot,,,sexual orientation / gender,,,3,Severe
faggots,,,,,faggot,,,sexual orientation / gender,,,3,Severe
faggs,,,,,faggot,,,sexual orientation / gender,,,3,Severe
faggy,,,,,faggot,,,sexual orientation / gender,,,3,Severe
fagot,,,,,faggot,,,sexual orientation / gender,,,2.8,Severe
fags,,,,,faggot,,,sexual orientation / gender,,,3,Severe
fagshit,,,,,faggot,shit,,bodily fluids / excrement,sexual orientation / gender,,3,Severe
fart-fucker,,,,,fuck,,,sexual anatomy / sexual acts,bodily fluids / excrement,,2.2,Strong
fatass,,,,,ass,,,sexual anatomy / sexual acts,physical attributes,,1.2,Mild
fatasses,,,,,ass,,,sexual anatomy / sexual acts,physical attributes,,1.2,Mild
fccuker,,,,,fuck,,,sexual anatomy / sexual acts,,,2,Strong
fck,,,,,fuck,,,sexual anatomy / sexual acts,,,2.4,Strong
fck you,,,,,fuck,,,sexual anatomy / sexual acts,other / general insult,,2.2,Strong
fcka,,,,,fuck,,,sexual anatomy / sexual acts,,,1.8,Strong
fckahz,,,,,fuck,,,sexual anatomy / sexual acts,other / general insult,,2.2,Strong
fcked,,,,,fuck,,,sexual anatomy / sexual acts,,,2,Strong
fckedup,,,,,fuck,,,sexual anatomy / sexual acts,other / general insult,,2,Strong
fcker,,,,,fuck,,,sexual anatomy / sexual acts,,,2.2,Strong
fckin,,,,,fuck,,,sexual anatomy / sexual acts,,,2,Strong
fcking,,,,,fuck,,,sexual anatomy / sexual acts,,,2.2,Strong
Fckk,,,,,fuck,,,sexual anatomy / sexual acts,other / general insult,,2.2,Strong
fckked,,,,,fuck,,,sexual anatomy / sexual acts,other / general insult,,2,Strong
fckking,,,,,fuck,,,sexual anatomy / sexual acts,other / general insult,,2.2,Strong
fcks,,,,,fuck,,,sexual anatomy / sexual acts,,,2,Strong
fcktard,,,,,fuck,retard,,sexual anatomy / sexual acts,mental disability,,2.8,Severe
fckyeah,,,,,fuck,,,other / general insult,,,1.6,Strong
fcuk,,,,,fuck,,,sexual anatomy / sexual acts,,,2,Strong
fcuked,,,,,fuck,,,sexual anatomy / sexual acts,other / general insult,,2.2,Strong
fcuker,,,,,fuck,,,sexual anatomy / sexual acts,,,2.4,Strong
fcukers,,,,,fuck,,,sexual anatomy / sexual acts,other / general insult,,2.2,Strong
fcuking,,,,,fuck,,,sexual anatomy / sexual acts,other / general insult,,2.2,Strong
fcukker,,,,,fuck,,,sexual anatomy / sexual acts,other / general insult,,2.2,Strong
fcuks,,,,,fuck,,,sexual anatomy / sexual acts,,,2.2,Strong
fcvking,,,,,fuck,,,sexual anatomy / sexual acts,,,2.2,Strong
feck,,,,,fuck,,,sexual anatomy / sexual acts,,,1.6,Strong
feck arse,,,,,arse,,,sexual anatomy / sexual acts,sexual orientation / gender,,2.2,Strong
fecker,,,,,fuck,,,sexual anatomy / sexual acts,,,2.2,Strong
feg,,,,,faggot,,,sexual orientation / gender,,,2.4,Strong
fellatio aficionado,,,,,fellatio,,,sexual anatomy / sexual acts,,,2,Strong
fellator,,,,,fellatio,,,sexual anatomy / sexual acts,,,1.6,Strong
fick,,,,,fuck,,,sexual anatomy / sexual acts,,,1.6,Strong
finger,,,,,finger,,,sexual anatomy / sexual acts,,,1,Mild
finger fuck,,,,,fuck,,,sexual anatomy / sexual acts,,,2.6,Severe
fingerbanged,,,,,finger,,,sexual anatomy / sexual acts,,,1.6,Strong
fingerpop,,,,,finger,,,sexual anatomy / sexual acts,,,1.4,Mild
fk bunny,,,,,fuck,,,sexual anatomy / sexual acts,,,2,Strong
fkbny,,,,,fuck,,,sexual anatomy / sexual acts,,,1.6,Strong
fked,,,,,fuck,,,sexual anatomy / sexual acts,other / general insult,,2,Strong
fker,,,,,fuck,,,sexual anatomy / sexual acts,other / general insult,,2.4,Strong
fking,,,,,fuck,,,sexual anatomy / sexual acts,other / general insult,,2.2,Strong
fkings,,,,,fuck,,,sexual anatomy / sexual acts,,,1.8,Strong
fkker,,,,,fuck,,,sexual anatomy / sexual acts,other / general insult,,2.2,Strong
flamer,,,,,flamer,,,sexual orientation / gender,,,2,Strong
flamers,,,,,flamer,,,sexual orientation / gender,,,2.8,Severe
focker,,,,,fuck,,,sexual anatomy / sexual acts,other / general insult,,2,Strong
fook,,,,,fuck,,,sexual anatomy / sexual acts,other / general insult,,1.6,Strong
fooker,,,,,fuck,,,sexual anatomy / sexual acts,other / general insult,,1.8,Strong
fookuh,,,,,fuck,,,sexual anatomy / sexual acts,,,1.8,Strong
forked,,,,,fuck,,,sexual anatomy / sexual acts,,,1,Mild
fothermuckers,,,,,motherfucker,,,sexual anatomy / sexual acts,,,1.8,Strong
fuc,,,,,fuck,,,sexual anatomy / sexual acts,,,1.6,Strong
fucc,,,,,fuck,,,sexual anatomy / sexual acts,other / general insult,,2,Strong
fucca,,,,,fuck,,,sexual anatomy / sexual acts,other / general insult,,2,Strong
fuccers,,,,,fuck,,,sexual anatomy / sexual acts,,,2.2,Strong
fuccing,,,,,fuck,,,sexual anatomy / sexual acts,other / general insult,,2.6,Severe
fuccs,,,,,fuck,,,sexual anatomy / sexual acts,other / general insult,,2,Strong
Fuck,,,,,fuck,,,sexual anatomy / sexual acts,,,2,Strong
fuck arse,,,,,fuck,arse,,sexual anatomy / sexual acts,sexual orientation / gender,,2.4,Strong
fuck face,,,,,fuck,,,sexual anatomy / sexual acts,,,2.4,Strong
fuck faces,,,,,fuck,,,sexual anatomy / sexual acts,other / general insult,,2.2,Strong
fuck goblin,,,,,fuck,,,sexual anatomy / sexual acts,other / general insult,,2.2,Strong
fuck head,,,,,fuck,,,sexual anatomy / sexual acts,,,2.4,Strong
fuck off,,,,,fuck,,,sexual anatomy / sexual acts,other / general insult,,2,Strong
fuck up,,,,,fuck,,,sexual anatomy / sexual acts,other / general insult,,1.8,Strong
fuck y0u,,,,,fuck,,,sexual anatomy / sexual acts,other / general insult,,2.4,Strong
fuck you,,,,,fuck,,,sexual anatomy / sexual acts,other / general insult,,2.4,Strong
fuck your,,,,,fuck,,,sexual anatomy / sexual acts,other / general insult,,2.4,Strong
fuck your mother,,,,,fuck,motherfucker,,sexual anatomy / sexual acts,other / general insult,,2.8,Severe
fucka,,,,,fuck,,,sexual anatomy / sexual acts,other / general insult,,2.2,Strong
fuckahs,,,,,fuck,,,sexual anatomy / sexual acts,other / general insult,,2,Strong
fuckass,,,,,fuck,ass,,sexual anatomy / sexual acts,,,2.4,Strong
fuckasses,,,,,fuck,ass,,sexual anatomy / sexual acts,,,2.4,Strong
fuckaz,,,,,fuck,ass,,sexual anatomy / sexual acts,other / general insult,,2.2,Strong
fuckbag,,,,,fuck,,,sexual anatomy / sexual acts,,,2.6,Severe
fuckboy,,,,,fuck,,,sexual anatomy / sexual acts,other / general insult,,2.6,Severe
fucked,,,,,fuck,,,sexual anatomy / sexual acts,other / general insult,,1.8,Strong
fucked up,,,,,fuck,,,sexual anatomy / sexual acts,other / general insult,,2.2,Strong
fuckem,,,,,fuck,,,sexual anatomy / sexual acts,other / general insult,,2.2,Strong
fucker,,,,,fuck,,,sexual anatomy / sexual acts,,,2.2,Strong
fucker off,,,,,fuck,,,sexual anatomy / sexual acts,,,2,Strong
fuckers,,,,,fuck,,,sexual anatomy / sexual acts,,,2.4,Strong
fuckface,,,,,fuck,,,sexual anatomy / sexual acts,other / general insult,,2.2,Strong
fuckfaces,,,,,fuck,,,sexual anatomy / sexual acts,other / general insult,,2.2,Strong
fuckhead,,,,,fuck,,,sexual anatomy / sexual acts,,,2.2,Strong
fuckheaded,,,,,fuck,,,sexual anatomy / sexual acts,mental disability,,2.6,Severe
fuckheads,,,,,fuck,,,sexual anatomy / sexual acts,,,2.6,Severe
fuckin,,,,,fuck,,,sexual anatomy / sexual acts,other / general insult,,2,Strong
fucking,,,,,fuck,,,sexual anatomy / sexual acts,,,2.2,Strong
fucking A,,,,,fuck,,,sexual anatomy / sexual acts,other / general insult,,2.4,Strong
fucking asshole,,,,,fuck,ass,,sexual anatomy / sexual acts,other / general insult,,2.8,Severe
fucking bastard,,,,,fuck,bastard,,sexual anatomy / sexual acts,other / general insult,,2.4,Strong
fucking hell,,,,,fuck,hell,,sexual anatomy / sexual acts,religious offense,,2,Strong
fucking me,,,,,fuck,,,sexual anatomy / sexual acts,,,2.2,Strong
fucking retard,,,,,fuck,retard,,sexual anatomy / sexual acts,mental disability,,3,Severe
fucking shit,,,,,fuck,shit,,sexual anatomy / sexual acts,bodily fluids / excrement,,1.8,Strong
fuckk,,,,,fuck,,,sexual anatomy / sexual acts,other / general insult,,2.2,Strong
fuckless,,,,,fuck,,,sexual anatomy / sexual acts,,,2,Strong
fuckmachine,,,,,fuck,,,sexual anatomy / sexual acts,other / general insult,,2,Strong
fucknuckle,,,,,fuck,,,sexual anatomy / sexual acts,,,2.4,Strong
fucks,,,,,fuck,,,sexual anatomy / sexual acts,other / general insult,,2,Strong
fuckshit,,,,,fuck,shit,,sexual anatomy / sexual acts,bodily fluids / excrement,,2.4,Strong
fuckshitface,,,,,fuck,shit,,sexual anatomy / sexual acts,bodily fluids / excrement,,2.4,Strong
fuckshithead,,,,,fuck,shit,,sexual anatomy / sexual acts,bodily fluids / excrement,,2.8,Severe
fuckstar,,,,,fuck,,,sexual anatomy / sexual acts,,,2.2,Strong
fuckster,,,,,fuck,,,sexual anatomy / sexual acts,,,2.2,Strong
fuckstick,,,,,fuck,,,sexual anatomy / sexual acts,,,2.2,Strong
fucktard,,,,,fuck,retard,,sexual anatomy / sexual acts,mental disability,,2.8,Severe
fucktards,,,,,fuck,retard,,sexual anatomy / sexual acts,mental disability,,2.6,Severe
fuckup,,,,,fuck,,,sexual anatomy / sexual acts,other / general insult,,2,Strong
fuckwad,,,,,fuck,,,sexual anatomy / sexual acts,,,2.2,Strong
fuckwhore,,,,,fuck,whore,,sexual anatomy / sexual acts,,,2.6,Severe
fucs,,,,,fuck,,,sexual anatomy / sexual acts,,,2.4,Strong
fucx,,,,,fuck,,,sexual anatomy / sexual acts,other / general insult,,2.2,Strong
fudgefucker,,,,,fudge packer,fuck,,sexual anatomy / sexual acts,sexual orientation / gender,bodily fluids / excrement,3,Severe
fudgepacker,,,,,fudge packer,,,sexual orientation / gender,,,2.4,Strong
fudgepackers,,,,,fudge packer,,,sexual anatomy / sexual acts,bodily fluids / excrement,,2.2,Strong
fudgepackershitter,,,,,fudge packer,shit,,sexual anatomy / sexual acts,bodily fluids / excrement,,3,Severe
fudgepacking fucker,,,,,fudge packer,fuck,,sexual anatomy / sexual acts,sexual orientation / gender,bodily fluids / excrement,3,Severe
fugged,,,,,fuck,,,sexual anatomy / sexual acts,,,1.8,Strong
fugger,,,,,fuck,,,sexual anatomy / sexual acts,other / general insult,,2,Strong
fuggerz,,,,,fuck,,,sexual anatomy / sexual acts,,,2.6,Severe
fuggings,,,,,fuck,,,sexual anatomy / sexual acts,,,2,Strong
fugly,,,,,fuck,,,physical attributes,,,1.4,Mild
fuk,,,,,fuck,,,sexual anatomy / sexual acts,,,2,Strong
fuk1n,,,,,fuck,,,sexual anatomy / sexual acts,,,2,Strong
fuk1ng,,,,,fuck,,,sexual anatomy / sexual acts,other / general insult,,2.2,Strong
fukcs,,,,,fuck,,,sexual anatomy / sexual acts,,,2,Strong
fuker,,,,,fuck,,,sexual anatomy / sexual acts,other / general insult,,2.2,Strong
fukheads,,,,,fuck,,,sexual anatomy / sexual acts,,,2,Strong
fukin,,,,,fuck,,,sexual anatomy / sexual acts,other / general insult,,2.2,Strong
fuking,,,,,fuck,,,sexual anatomy / sexual acts,,,2,Strong
fukk,,,,,fuck,,,sexual anatomy / sexual acts,,,2,Strong
fukka,,,,,fuck,,,sexual anatomy / sexual acts,,,2.2,Strong
fukked,,,,,fuck,,,sexual anatomy / sexual acts,,,2,Strong
fukker,,,,,fuck,,,sexual anatomy / sexual acts,,,2,Strong
fukkers,,,,,fuck,,,sexual anatomy / sexual acts,,,2,Strong
fukking,,,,,fuck,,,sexual anatomy / sexual acts,,,2,Strong
fukkings,,,,,fuck,,,sexual anatomy / sexual acts,,,2,Strong
fukkuh,,,,,fuck,,,sexual anatomy / sexual acts,,,2.2,Strong
fuks,,,,,fuck,,,sexual anatomy / sexual acts,,,2.2,Strong
fuku,,,,,fuck,,,sexual anatomy / sexual acts,other / general insult,,2.6,Severe
fukwhore,,,,,fuck,whore,,sexual anatomy / sexual acts,,,2.8,Severe
fukwit,,,,,fuck,,,sexual anatomy / sexual acts,mental disability,,2.2,Strong
full of shit,,,,,shit,,,bodily fluids / excrement,,,1,Mild
funbags,,,,,funbags,,,sexual anatomy / sexual acts,,,1,Mild
fuq,,,,,fuck,,,sexual anatomy / sexual acts,,,1.8,Strong
futhamucka,,,,,motherfucker,,,sexual anatomy / sexual acts,,,2.6,Severe
fux,,,,,fuck,,,sexual anatomy / sexual acts,other / general insult,,2.2,Strong
fux0r,,,,,fuck,,,sexual anatomy / sexual acts,,,2,Strong
fvck,,,,,fuck,,,sexual anatomy / sexual acts,other / general insult,,1.8,Strong
fvck you,,,,,fuck,,,sexual anatomy / sexual acts,other / general insult,,2.2,Strong
fvcka,,,,,fuck,,,sexual anatomy / sexual acts,,,2,Strong
fvckbunny,,,,,fuck,,,sexual anatomy / sexual acts,animal references,,2.2,Strong
fvcker,,,,,fuck,,,sexual anatomy / sexual acts,,,2.4,Strong
fvckers,,,,,fuck,,,sexual anatomy / sexual acts,,,2.2,Strong
fvckin,,,,,fuck,,,sexual anatomy / sexual acts,,,1.8,Strong
fvcking,,,,,fuck,,,sexual anatomy / sexual acts,,,2,Strong
fvckker bunny,,,,,fuck,,,sexual anatomy / sexual acts,,,2.2,Strong
fvckwhi,,,,,fuck,,,sexual anatomy / sexual acts,,,2.2,Strong
fxck,,,,,fuck,,,sexual anatomy / sexual acts,,,1.6,Strong
fxcked,,,,,fuck,,,sexual anatomy / sexual acts,other / general insult,,2,Strong
fxcker,,,,,fuck,,,sexual anatomy / sexual acts,,,2.2,Strong
fxcking,,,,,fuck,,,sexual anatomy / sexual acts,,,2.2,Strong
g@y b1tch,,,,,bitch,gay,,sexual orientation / gender,,,2.6,Severe
g@ylord,,,,,gay,,,sexual orientation / gender,,,1.8,Strong
g@yshit,,,,,shit,gay,,sexual orientation / gender,,,2.6,Severe
g0ddamn,,,,,damn,,,religious offense,,,1.2,Mild
g0ddamned,,,,,damn,,,religious offense,,,1.6,Strong
g0ddamnit,,,,,damn,,,religious offense,,,1,Mild
gash-stabber,,,,,gash-stabber,,,sexual anatomy / sexual acts,,,2,Strong
gay ass,,,,,gay,ass,,sexual anatomy / sexual acts,sexual orientation / gender,,2.6,Severe
gay bitch,,,,,gay,bitch,,sexual orientation / gender,,,2.6,Severe
gay fuck,,,,,fuck,gay,,sexual orientation / gender,other / general insult,,2.6,Severe
gay fucker,,,,,fuck,gay,,sexual anatomy / sexual acts,sexual orientation / gender,,2.8,Severe
gay shit,,,,,gay,shit,,bodily fluids / excrement,sexual orientation / gender,,1.8,Strong
gay wad,,,,,gay,,,sexual orientation / gender,,,2,Strong
gayest,,,,,gay,,,sexual orientation / gender,,,1,Mild
gaylord,,,,,gay,,,sexual orientation / gender,,,1.6,Strong
gaylords,,,,,gay,,,sexual orientation / gender,,,2.2,Strong
gayness,,,,,gay,,,sexual orientation / gender,,,1.4,Mild
gaysian,,,,,gay,,,sexual orientation / gender,,,2.6,Severe
gaytard,,,,,gay,retard,,sexual orientation / gender,mental disability,,2.8,Severe
geebag,,,,,garbage bag,,,sexual orientation / gender,,,1.8,Strong
get fucked,,,,,fuck,,,sexual anatomy / sexual acts,,,2.4,Strong
gin jockey,,,,,gin jockey,,,sexual anatomy / sexual acts,,,2,Strong
girlieboy,,,,,girlyboy,,,sexual orientation / gender,,,1.4,Mild
girly bits,,,,,girly bits,,,sexual anatomy / sexual acts,,,1,Mild
girlyboy,,,,,girlyboy,,,sexual orientation / gender,,,1.4,Mild
go fuck yourself,,,,,fuck,,,sexual anatomy / sexual acts,other / general insult,,2.6,Severe
go to hell,,,,,hell,,,other / general insult,religious offense,,1,Mild
gobshite,,,,,shit,,,bodily fluids / excrement,,,1.8,Strong
god dammit,,,,,damn,,,religious offense,,,1.6,Strong
god damn,,,,,damn,,,religious offense,,,1.4,Mild
god damn it,,,,,damn,,,religious offense,,,1.8,Strong
god damned,,,,,damn,,,religious offense,,,1.2,Mild
god damnit,,,,,damn,,,religious offense,,,2.2,Strong
god-dam,,,,,damn,,,religious offense,,,1.2,Mild
god-damned,,,,,damn,,,religious offense,,,1.4,Mild
godamnit,,,,,damn,,,religious offense,,,2,Strong
godd@amn,,,,,damn,,,religious offense,,,1.4,Mild
godd@mnit,,,,,damn,,,religious offense,,,1.4,Mild
goddammit,,,,,damn,,,religious offense,,,1,Mild
goddamn,,,,,damn,,,religious offense,,,1.6,Strong
goddamn mothafuckers,,,,,motherfucker,damn,,sexual anatomy / sexual acts,other / general insult,,2.8,Severe
goddamn son of a bitch,,,,,damn,bitch,,religious offense,sexual orientation / gender,,2.2,Strong
goddamn son-of-a-bitch,,,,,damn,bitch,,religious offense,sexual orientation / gender,,1.4,Mild
goddamned,,,,,damn,,,religious offense,,,1.8,Strong
goddamnit,,,,,damn,,,religious offense,,,1.6,Strong
gook,,,,,gook,,,racial / ethnic slurs,,,2.8,Severe
gowl,,,,,gowl,,,other / general insult,,,1.6,Strong
greaser,,,,,greaser,,,racial / ethnic slurs,,,1,Mild
groid,,,,,groid,,,racial / ethnic slurs,,,2,Strong
groper,,,,,grope,,,sexual anatomy / sexual acts,,,1.4,Mild
gyp,,,,,gypsy,,,racial / ethnic slurs,,,2,Strong
harry palms,,,,,harry palms,,,sexual anatomy / sexual acts,,,1.6,Strong
heeb,,,,,hebe,,,racial / ethnic slurs,,,2.2,Strong
higg@,,,,,nigger,,,racial / ethnic slurs,,,2.6,Severe
higg3r,,,,,nigger,,,racial / ethnic slurs,,,2.8,Severe
higga,,,,,nigger,,,racial / ethnic slurs,,,2.8,Severe
higger,,,,,nigger,,,racial / ethnic slurs,,,2.6,Severe
higgers,,,,,nigger,,,racial / ethnic slurs,,,3,Severe
hoar,,,,,whore,,,sexual orientation / gender,,,1.8,Strong
hoe,,,,,hoe,,,sexual orientation / gender,,,2,Strong
hoe-asses,,,,,hoe,ass,,sexual orientation / gender,sexual anatomy / sexual acts,,2.2,Strong
hoebag,,,,,hoe,,,sexual orientation / gender,,,2,Strong
hoes,,,,,hoe,,,sexual orientation / gender,,,2,Strong
holy fuck,,,,,fuck,,,sexual anatomy / sexual acts,other / general insult,religious offense,2,Strong
homo,,,,,homosexual,,,sexual orientation / gender,,,2.2,Strong
homo asses,,,,,homosexual,ass,,sexual anatomy / sexual acts,sexual orientation / gender,,2.8,Severe
homos,,,,,homosexual,,,sexual orientation / gender,,,2.2,Strong
hooters,,,,,hooters,,,sexual anatomy / sexual acts,,,1,Mild
horse shit,,,,,shit,,,bodily fluids / excrement,animal references,,1.2,Mild
horse's asses,,,,,ass,,,sexual anatomy / sexual acts,animal references,,1.4,Mild
horseshit,,,,,shit,,,bodily fluids / excrement,animal references,,1.2,Mild
hustler,,,,,hustler,,,other / general insult,,,1,Mild
injun,,,,,injun,,,racial / ethnic slurs,,,2.4,Strong
j-offs,,,,,jerk off,,,sexual anatomy / sexual acts,,,1.4,Mild
j3rk,,,,,jerk,,,other / general insult,,,1,Mild
ja!lbait,,,,,jailbait,,,sexual anatomy / sexual acts,other / general insult,,1,Mild
ja1lbait,,,,,jailbait,,,physical attributes,,,1,Mild
Jack off,,,,,jackoff,,,sexual anatomy / sexual acts,,,1.4,Mild
jack-off,,,,,jack off,,,sexual anatomy / sexual acts,,,1.2,Mild
jack-offs,,,,,jack off,,,sexual anatomy / sexual acts,,,1.4,Mild
jackarse,,,,,arse,,,sexual anatomy / sexual acts,,,1,Mild
jackass,,,,,ass,,,animal references,other / general insult,,1,Mild
jackasses,,,,,ass,,,sexual anatomy / sexual acts,,,1,Mild
jackasss,,,,,ass,,,animal references,,,1.2,Mild
jackoff,,,,,jack off,,,sexual anatomy / sexual acts,,,2,Strong
jackoffs,,,,,jack off,,,sexual anatomy / sexual acts,,,1.2,Mild
jackoffz,,,,,jack off,,,sexual anatomy / sexual acts,,,1.6,Strong
jagoff,,,,,jack off,,,sexual anatomy / sexual acts,,,1,Mild
jailba!t,,,,,jailbait,,,physical attributes,,,1.6,Strong
jailbait,,,,,jailbait,,,sexual anatomy / sexual acts,,,1,Mild
jap,,,,,jap,,,racial / ethnic slurs,,,2.8,Severe
jerk off,,,,,jerk off,,,sexual anatomy / sexual acts,,,1,Mild
jerk-0ff,,,,,jerk off,,,sexual anatomy / sexual acts,,,1.2,Mild
jerk-0ffs,,,,,jerk off,,,sexual anatomy / sexual acts,,,1.4,Mild
jerk-off,,,,,jerk off,,,sexual anatomy / sexual acts,,,1.2,Mild
jerk-offs,,,,,jerk off,,,sexual anatomy / sexual acts,,,1,Mild
jerking off,,,,,jerk off,,,sexual anatomy / sexual acts,,,1,Mild
jerkoff,,,,,jerk off,,,sexual anatomy / sexual acts,,,1.6,Strong
jerkoff jerking off,,,,,jerk off,,,sexual anatomy / sexual acts,,,1.2,Mild
jerkoffs,,,,,jerk off,,,sexual anatomy / sexual acts,,,1.2,Mild
jerks off,,,,,jerk off,,,sexual anatomy / sexual acts,,,1.4,Mild
jewboy,,,,,jew,,,racial / ethnic slurs,,,2.8,Severe
jigaboo,,,,,jiggaboo,,,racial / ethnic slurs,,,2.4,Strong
jigaboos,,,,,jiggaboo,,,racial / ethnic slurs,,,2.8,Severe
jigga,,,,,jiggaboo,nigger,,racial / ethnic slurs,,,2.4,Strong
jiggaboo,,,,,jiggaboo,,,racial / ethnic slurs,,,3,Severe
jiggabooboo,,,,,jiggaboo,,,racial / ethnic slurs,,,2.4,Strong
jiggaboos,,,,,jiggaboo,,,racial / ethnic slurs,,,3,Severe
jiggabu,,,,,jiggaboo,,,racial / ethnic slurs,,,3,Severe
jiggas,,,,,jiggaboo,,,racial / ethnic slurs,,,2.8,Severe
jigger,,,,,jiggaboo,nigger,,racial / ethnic slurs,,,3,Severe
jiggerboo,,,,,jiggaboo,,,racial / ethnic slurs,,,2.6,Severe
jiggerboos,,,,,jiggaboo,,,racial / ethnic slurs,,,3,Severe
jiggs,,,,,jiggaboo,,,racial / ethnic slurs,,,2.6,Severe
jiggyboo,,,,,jiggaboo,,,racial / ethnic slurs,,,3,Severe
jigro,,,,,jiggaboo,nigger,,racial / ethnic slurs,,,2.8,Severe
jim crow,,,,,jim crow,,,racial / ethnic slurs,other / general insult,,1.4,Mild
jizz,,,,,jizz,,,bodily fluids / excrement,,,1.6,Strong
jizz eater,,,,,jizz,,,sexual anatomy / sexual acts,bodily fluids / excrement,,2.4,Strong
jizz licker,,,,,jizz,,,sexual anatomy / sexual acts,bodily fluids / excrement,,2.4,Strong
jizz-jockey,,,,,jizz,,,bodily fluids / excrement,,,2.2,Strong
jizzbags,,,,,jizz,,,bodily fluids / excrement,,,2.4,Strong
jizzed,,,,,jizz,,,bodily fluids / excrement,,,2,Strong
jizzes,,,,,jizz,,,bodily fluids / excrement,,,2.2,Strong
jizzfucker,,,,,fuck,jizz,,bodily fluids / excrement,sexual anatomy / sexual acts,,2.6,Severe
jizzing,,,,,jizz,,,bodily fluids / excrement,,,1.6,Strong
jizzsacks,,,,,jizz,,,sexual anatomy / sexual acts,,,1.8,Strong
jizzstain,,,,,jizz,,,bodily fluids / excrement,,,2.8,Severe
jizzy,,,,,jizz,,,bodily fluids / excrement,,,1.6,Strong
k!k3,,,,,kike,,,racial / ethnic slurs,,,2.6,Severe
k!ke,,,,,kike,,,racial / ethnic slurs,,,3,Severe
k..!ke,,,,,kike,,,racial / ethnic slurs,,,3,Severe
k1k3,,,,,kike,,,racial / ethnic slurs,,,3,Severe
k1ke,,,,,kike,,,racial / ethnic slurs,,,2.8,Severe
kid diddler,,,,,diddle,,,sexual anatomy / sexual acts,other / general insult,,3,Severe
kiddy touch,,,,,kidtoucher,,,sexual anatomy / sexual acts,,,1.8,Strong
kike,,,,,kike,,,racial / ethnic slurs,,,3,Severe
kikes,,,,,kike,,,racial / ethnic slurs,,,3,Severe
kiss ass,,,,,ass,,,sexual anatomy / sexual acts,,,1,Mild
kiss my ass,,,,,ass,,,sexual anatomy / sexual acts,,,1.6,Strong
kitty puncher,,,,,kitty puncher,,,sexual anatomy / sexual acts,,,2.2,Strong
kkk,,,,,kkk,,,other / general insult,,,1.8,Strong
klan,,,,,klan,,,racial / ethnic slurs,,,1.8,Strong
klitoris,,,,,clit,,,sexual anatomy / sexual acts,,,1,Mild
kneegrows,,,,,negro,,,racial / ethnic slurs,,,2.8,Severe
knickers,,,,,nigger,,,racial / ethnic slurs,,,1.8,Strong
knob,,,,,knob,,,sexual anatomy / sexual acts,,,1.4,Mild
knob eater,,,,,knob,,,sexual anatomy / sexual acts,,,2.2,Strong
knob gobbler,,,,,knob,,,sexual anatomy / sexual acts,,,1.8,Strong
knob jockey,,,,,knob,,,sexual anatomy / sexual acts,,,1.8,Strong
knob-face,,,,,knob,,,sexual anatomy / sexual acts,,,1.6,Strong
knob-gobbler,,,,,knob,,,sexual anatomy / sexual acts,,,1.6,Strong
knob-head,,,,,knob,,,sexual anatomy / sexual acts,,,2,Strong
knob3d,,,,,knob,,,sexual anatomy / sexual acts,,,1.6,Strong
knob3nd,,,,,knob,,,sexual anatomy / sexual acts,,,1.2,Mild
knobd,,,,,knob,,,sexual anatomy / sexual acts,,,1.2,Mild
knobe,,,,,knob,,,sexual anatomy / sexual acts,,,1,Mild
knobead,,,,,knob,,,sexual anatomy / sexual acts,,,1.4,Mild
knobeads,,,,,knob,,,sexual anatomy / sexual acts,,,1.4,Mild
knobed,,,,,knob,,,sexual anatomy / sexual acts,other / general insult,,1.4,Mild
knobeds,,,,,knob,,,sexual anatomy / sexual acts,,,1.8,Strong
knobend,,,,,knob,,,sexual anatomy / sexual acts,,,1.2,Mild
knobender,,,,,knob,,,sexual anatomy / sexual acts,sexual orientation / gender,,2.2,Strong
knobends,,,,,knob,,,sexual anatomy / sexual acts,,,1.4,Mild
knobendy,,,,,knob,,,sexual anatomy / sexual acts,,,1.6,Strong
knobendz,,,,,knob,,,sexual anatomy / sexual acts,,,1.4,Mild
knober,,,,,knob,,,sexual anatomy / sexual acts,,,1,Mild
knobes,,,,,knob,,,sexual anatomy / sexual acts,,,1.2,Mild
knobgobbler,,,,,knob,,,sexual anatomy / sexual acts,sexual orientation / gender,,1.8,Strong
knobhead,,,,,knob,,,sexual anatomy / sexual acts,,,1.6,Strong
knobheads,,,,,knob,,,sexual anatomy / sexual acts,,,1.6,Strong
knobjockies,,,,,knob,,,sexual anatomy / sexual acts,sexual orientation / gender,,1.8,Strong
knobjocky,,,,,knob,,,sexual anatomy / sexual acts,sexual orientation / gender,,2.2,Strong
knobjokey,,,,,knob,,,sexual orientation / gender,,,2.6,Severe
knobjokeys,,,,,knob,,,sexual anatomy / sexual acts,,,1.8,Strong
ku kluxer,,,,,ku kluxer,,,racial / ethnic slurs,,,2.6,Severe
kyke,,,,,kike,,,racial / ethnic slurs,,,3,Severe
l@dyb0i,,,,,ladyboy,,,sexual orientation / gender,,,2.2,Strong
l@dyb0y,,,,,ladyboy,,,sexual orientation / gender,,,2,Strong
l@dyboy,,,,,ladyboy,,,sexual orientation / gender,,,2,Strong
l3i + ch,,,,,bitch,,,sexual orientation / gender,,,1.2,Mild
l3i+ch,,,,,bitch,,,sexual orientation / gender,,,1.2,Mild
l3itch,,,,,bitch,,,sexual orientation / gender,,,1.4,Mild
l3itches,,,,,bitch,,,sexual orientation / gender,,,1.2,Mild
ladboys,,,,,ladyboy,,,sexual orientation / gender,,,1.4,Mild
ladboyz,,,,,ladyboy,,,sexual orientation / gender,,,1.4,Mild
ladiboy,,,,,ladyboy,,,sexual orientation / gender,,,2.2,Strong
lady-boy,,,,,ladyboy,,,sexual orientation / gender,,,2.6,Severe
ladyb0i,,,,,ladyboy,,,sexual orientation / gender,,,2.2,Strong
ladyb0y,,,,,ladyboy,,,sexual orientation / gender,,,2.4,Strong
ladyboy,,,,,ladyboy,,,sexual orientation / gender,,,2.2,Strong
ladyboys,,,,,ladyboy,,,sexual orientation / gender,,,2.4,Strong
ladyboyz,,,,,ladyboy,,,sexual orientation / gender,,,1.4,Mild
lesbo,,,,,lesbian,,,sexual orientation / gender,,,2.2,Strong
loose woman,,,,,loose,,,sexual orientation / gender,,,1.4,Mild
m@asterbated,,,,,masturbate,,,sexual anatomy / sexual acts,,,1.4,Mild
m@derfaker,,,,,motherfucker,,,sexual anatomy / sexual acts,,,2.8,Severe
m@derfuck,,,,,motherfucker,,,sexual anatomy / sexual acts,other / general insult,,3,Severe
m@derfuckers,,,,,motherfucker,,,sexual anatomy / sexual acts,,,2.6,Severe
m0f0,,,,,motherfucker,,,sexual anatomy / sexual acts,other / general insult,,2,Strong
m0f0s,,,,,motherfucker,,,other / general insult,,,2.4,Strong
m0fo,,,,,motherfucker,,,sexual anatomy / sexual acts,other / general insult,,2.6,Severe
m0foes,,,,,motherfucker,,,other / general insult,,,2.2,Strong
m0fos,,,,,motherfucker,,,sexual anatomy / sexual acts,other / general insult,,2.6,Severe
m0ng0l0id,,,,,mongoloid,,,mental disability,racial / ethnic slurs,,2.2,Strong
m0ngoloid,,,,,mongoloid,,,racial / ethnic slurs,,,2.2,Strong
m0thafucked,,,,,motherfucker,,,sexual anatomy / sexual acts,,,3,Severe
m0thafucker,,,,,motherfucker,,,sexual anatomy / sexual acts,other / general insult,,3,Severe
m0thafucking,,,,,motherfucker,,,sexual anatomy / sexual acts,other / general insult,,2.8,Severe
m0therfuckeds,,,,,motherfucker,,,sexual anatomy / sexual acts,,,2.8,Severe
m0therfucker,,,,,motherfucker,,,sexual anatomy / sexual acts,other / general insult,,2.4,Strong
m0therfucking,,,,,motherfucker,,,sexual anatomy / sexual acts,,,3,Severe
m0therfvcker,,,,,motherfucker,,,sexual anatomy / sexual acts,,,3,Severe
man chowder,,,,,man chowder,,,bodily fluids / excrement,,,1,Mild
man meat,,,,,meat,,,sexual anatomy / sexual acts,,,1.2,Mild
man seed,,,,,man seed,,,bodily fluids / excrement,,,1,Mild
markasses,,,,,ass,,,sexual anatomy / sexual acts,,,2,Strong
meat curtains,,,,,meat curtains,,,sexual anatomy / sexual acts,,,2,Strong
meat-sword,,,,,meat,,,sexual anatomy / sexual acts,,,1.2,Mild
mecha fag,,,,,faggot,,,sexual orientation / gender,,,3,Severe
mega fag,,,,,faggot,,,sexual orientation / gender,,,2.8,Severe
mf'er,,,,,motherfucker,,,sexual anatomy / sexual acts,other / general insult,,2.2,Strong
mf'ers,,,,,motherfucker,,,sexual anatomy / sexual acts,other / general insult,,2.6,Severe
mf'ing,,,,,motherfucker,,,sexual anatomy / sexual acts,other / general insult,,2.2,Strong
mfckers,,,,,motherfucker,,,sexual anatomy / sexual acts,other / general insult,,2.2,Strong
MFer,,,,,motherfucker,,,sexual anatomy / sexual acts,,,1.8,Strong
MFers,,,,,motherfucker,,,sexual anatomy / sexual acts,other / general insult,,2.8,Severe
mfing,,,,,motherfucker,,,sexual anatomy / sexual acts,,,1.8,Strong
mfk,,,,,motherfucker,,,sexual anatomy / sexual acts,other / general insult,,1.6,Strong
mfs,,,,,motherfucker,,,sexual anatomy / sexual acts,,,2.2,Strong
mfukk,,,,,motherfucker,,,sexual anatomy / sexual acts,other / general insult,,3,Severe
mfukker,,,,,motherfucker,,,sexual anatomy / sexual acts,other / general insult,,2.8,Severe
milf,,,,,milf,,,sexual anatomy / sexual acts,,,1.8,Strong
mindfuck,,,,,motherfucker,,,sexual anatomy / sexual acts,,,2.2,Strong
mof0es,,,,,motherfucker,,,sexual anatomy / sexual acts,other / general insult,,2.2,Strong
mof0s,,,,,motherfucker,,,other / general insult,,,2.6,Severe
mofcker,,,,,motherfucker,,,sexual anatomy / sexual acts,other / general insult,,2.6,Severe
mofo,,,,,motherfucker,,,sexual anatomy / sexual acts,,,2,Strong
mofo ass,,,,,motherfucker,ass,,sexual anatomy / sexual acts,,,2.4,Strong
mofoes,,,,,motherfucker,,,other / general insult,,,2,Strong
mofos,,,,,motherfucker,,,sexual anatomy / sexual acts,other / general insult,,2,Strong
mofoshit,,,,,motherfucker,shit,,sexual anatomy / sexual acts,bodily fluids / excrement,,2.2,Strong
mofuccers,,,,,motherfucker,,,sexual anatomy / sexual acts,,,2.4,Strong
mofucckers,,,,,motherfucker,,,sexual anatomy / sexual acts,other / general insult,,2.4,Strong
mofuck,,,,,motherfucker,,,sexual anatomy / sexual acts,,,2.8,Severe
mofucker,,,,,motherfucker,,,other / general insult,,,2,Strong
mofuckkas,,,,,motherfucker,,,sexual anatomy / sexual acts,other / general insult,,2.4,Strong
mofuk,,,,,motherfucker,,,other / general insult,,,2.2,Strong
mofukkas,,,,,motherfucker,,,sexual anatomy / sexual acts,other / general insult,,2.4,Strong
molester,,,,,molest,,,sexual anatomy / sexual acts,other / general insult,,2.2,Strong
mong,,,,,mong,,,racial / ethnic slurs,,,1.8,Strong
mongoloid,,,,,mongoloid,,,racial / ethnic slurs,,,2.2,Strong
mongrel,,,,,mongrel,,,racial / ethnic slurs,,,2.6,Severe
motha fucka,,,,,motherfucker,,,sexual anatomy / sexual acts,other / general insult,,2.8,Severe
motha fucker,,,,,motherfucker,,,sexual anatomy / sexual acts,,,2.4,Strong
motha fuckers,,,,,motherfucker,,,sexual anatomy / sexual acts,other / general insult,,3,Severe
mothaf@cked,,,,,motherfucker,,,sexual anatomy / sexual acts,,,2.6,Severe
mothafcked,,,,,motherfucker,,,sexual anatomy / sexual acts,other / general insult,,2.6,Severe
mothafcking,,,,,motherfucker,,,sexual anatomy / sexual acts,other / general insult,,2.8,Severe
Mothafucc,,,,,motherfucker,,,sexual anatomy / sexual acts,other / general insult,,2.8,Severe
mothafucced,,,,,motherfucker,,,sexual anatomy / sexual acts,,,2.6,Severe
mothafuccer,,,,,motherfucker,,,sexual anatomy / sexual acts,,,3,Severe
mothafuccing,,,,,motherfucker,,,sexual anatomy / sexual acts,,,3,Severe
mothafuck,,,,,motherfucker,,,sexual anatomy / sexual acts,other / general insult,,2.8,Severe
mothafucka,,,,,motherfucker,,,sexual anatomy / sexual acts,other / general insult,,2.8,Severe
mothafuckas,,,,,motherfucker,,,sexual anatomy / sexual acts,other / general insult,,2.6,Severe
mothafuckasses,,,,,motherfucker,ass,,sexual anatomy / sexual acts,other / general insult,,3,Severe
mothafuckaz,,,,,motherfucker,,,sexual anatomy / sexual acts,,,2.6,Severe
mothafuckazzes,,,,,motherfucker,,,sexual anatomy / sexual acts,,,3,Severe
mothafucked,,,,,motherfucker,,,sexual anatomy / sexual acts,other / general insult,,2.8,Severe
mothafuckeds,,,,,motherfucker,,,sexual anatomy / sexual acts,,,2.8,Severe
mothafucker,,,,,motherfucker,,,sexual anatomy / sexual acts,other / general insult,,3,Severe
mothafuckers,,,,,motherfucker,,,sexual anatomy / sexual acts,,,2.6,Severe
mothafuckin,,,,,motherfucker,,,sexual anatomy / sexual acts,other / general insult,,2.6,Severe
mothafucking,,,,,motherfucker,,,sexual anatomy / sexual acts,,,3,Severe
mothafuckings,,,,,motherfucker,,,sexual anatomy / sexual acts,other / general insult,,2.8,Severe
mothafuckins,,,,,motherfucker,,,sexual anatomy / sexual acts,,,2.6,Severe
mothafucks,,,,,motherfucker,,,sexual anatomy / sexual acts,,,2.8,Severe
mothafuckz,,,,,motherfucker,,,sexual anatomy / sexual acts,other / general insult,,2.6,Severe
mothafvcked,,,,,motherfucker,,,sexual anatomy / sexual acts,,,2.8,Severe
mother effer,,,,,motherfucker,,,sexual anatomy / sexual acts,,,2.2,Strong
mother fuck,,,,,motherfucker,,,sexual anatomy / sexual acts,other / general insult,,2.8,Severe
mother fuck you,,,,,motherfucker,,,sexual anatomy / sexual acts,,,2.6,Severe
mother fucka,,,,,motherfucker,,,sexual anatomy / sexual acts,other / general insult,,2.8,Severe
mother fucker,,,,,motherfucker,,,sexual anatomy / sexual acts,other / general insult,,3,Severe
mother fuckers,,,,,motherfucker,,,sexual anatomy / sexual acts,,,3,Severe
mother fucking,,,,,motherfucker,,,sexual anatomy / sexual acts,other / general insult,,3,Severe
